categorie,nom_fichier,storage_path
epis,casque_de_securite,epis/casque_de_securite.png
epis,lunettes_de_protection,epis/lunettes_de_protection.png
epis,protection_auditive,epis/protection_auditive.png
epis,masque_respiratoire,epis/masque_respiratoire.png
epis,gants_de_protection,epis/gants_de_protection.png
epis,chaussures_de_securite,epis/chaussures_de_securite.png
epis,gilet_haute_visibilite,epis/gilet_haute_visibilite.png
epis,vetement_de_travail,epis/vetement_de_travail.png
epis,harnais_antichute,epis/harnais_antichute.png
epis,visiere_de_protection,epis/visiere_de_protection.png
epcs,arret_urgence,epcs/arret_urgence.png
epcs,aspiration_poussieres,epcs/aspiration_poussieres.png
epcs,bac_de_retention,epcs/bac_de_retention.png
epcs,balisage_de_zone,epcs/balisage_de_zone.png
epcs,barriere_antichute,epcs/barriere_antichute.png
epcs,bloque_disjoncteur,epcs/bloque_disjoncteur.png
epcs,cadenas_de_consignation,epcs/cadenas_de_consignation.png
epcs,capot_de_protection,epcs/capot_de_protection.png
epcs,carter_de_protection,epcs/carter_de_protection.png
epcs,cone_de_signalisation,epcs/cone_de_signalisation.png
epcs,consignation_electrique,epcs/consignation_electrique.png
epcs,consignation_mecanique,epcs/consignation_mecanique.png
epcs,couverture_anti_feu,epcs/couverture_anti_feu.png
epcs,echafaudage_securise,epcs/echafaudage_securise.png
epcs,eclairage_securite,epcs/eclairage_securite.png
epcs,ecran_de_protection,epcs/ecran_de_protection.png
epcs,ecran_de_soudage,epcs/ecran_de_soudage.png
epcs,extincteur,epcs/extincteur.png
epcs,filet_de_securite,epcs/filet_de_securite.png
epcs,garde_corps,epcs/garde_corps.png
epcs,kit_anti_deversement,epcs/kit_anti_deversement.png
epcs,mise_a_la_terre,epcs/mise_a_la_terre.png
epcs,ventilation,epcs/ventilation.png
epcs,signalisation_securite,epcs/signalisation_securite.png
epcs,douche_lave_yeux,epcs/douche_lave_yeux.png
epcs,plateforme_travail,epcs/plateforme_travail.png
epcs,protection_machine,epcs/protection_machine.png
epcs,ralentisseur,epcs/ralentisseur.png
epcs,miroir_de_securite,epcs/miroir_de_securite.png
epcs,chemin_de_cables,epcs/chemin_de_cables.png
risques,risque_electrique,risques/risque_electrique.png
risques,risque_mecanique,risques/risque_mecanique.png
risques,risque_incendie,risques/risque_incendie.png
risques,risque_explosion,risques/risque_explosion.png
risques,risque_chute,risques/risque_chute.png
risques,risque_levage,risques/risque_levage.png
risques,risque_thermique,risques/risque_thermique.png
risques,risque_chimique,risques/risque_chimique.png
risques,risque_corrosion,risques/risque_corrosion.png
risques,risque_bruit,risques/risque_bruit.png
outillages,caisse_a_outils,outillages/caisse_a_outils.png
outillages,tournevis_plat,outillages/tournevis_plat.png
outillages,tournevis_cruciforme,outillages/tournevis_cruciforme.png
outillages,cle_plate,outillages/cle_plate.png
outillages,cle_a_molette,outillages/cle_a_molette.png
outillages,pince,outillages/pince.png
outillages,marteau,outillages/marteau.png
outillages,maillet,outillages/maillet.png
outillages,douilles,outillages/douilles.png
outillages,cle_dynamometrique,outillages/cle_dynamometrique.png
outillages,multimetre,outillages/multimetre.png
outillages,lampe_portative,outillages/lampe_portative.png
outillages,cutter,outillages/cutter.png
outillages,cle_allen,outillages/cle_allen.png
outillages,metre_ruban,outillages/metre_ruban.png
outillages,meuleuse,outillages/meuleuse.png
outillages,perceuse,outillages/perceuse.png
outillages,pince_a_riveter,outillages/pince_a_riveter.png
outillages,graisseur,outillages/graisseur.png
outillages,fer_a_souder,outillages/fer_a_souder.png
pieces_rechange,accouplement,pieces_rechange/accouplement.png
pieces_rechange,alimentation_24v,pieces_rechange/alimentation_24v.png
pieces_rechange,automate_plc,pieces_rechange/automate_plc.png
pieces_rechange,bande_transporteuse,pieces_rechange/bande_transporteuse.png
pieces_rechange,barriere_immaterielle,pieces_rechange/barriere_immaterielle.png
pieces_rechange,bornier,pieces_rechange/bornier.png
pieces_rechange,bouton_arret_urgence,pieces_rechange/bouton_arret_urgence.png
pieces_rechange,bouton_poussoir,pieces_rechange/bouton_poussoir.png
pieces_rechange,capteur_inductif,pieces_rechange/capteur_inductif.png
pieces_rechange,capteur_photoelectrique,pieces_rechange/capteur_photoelectrique.png
pieces_rechange,roulement,pieces_rechange/roulement.png
pieces_rechange,chaine_transmission,pieces_rechange/chaine_transmission.png
pieces_rechange,moteur_electrique,pieces_rechange/moteur_electrique.png
